drop-down-menu,1
curl,1
tostring,1
server,1
android,1
algorithm,1
oop,1
asp.net-mvc-3,1
cryptography,1
c#,1
language-design,1
google-docs,1
github-pages,1
forms,1
json,1
canvas,1
programming-languages,1
rational-numbers,1
cross-platform,1
html5,1
css,1
asp.net-mvc-4,1
scala,1
tags,1
cocos2d-iphone,1
screen-orientation,1
razor,1
github,1
chunked,1
vim,1
wordpress,1
design-patterns,1
fortran,1
c,1
c++-cli,1
methods,1
svn,1
titanium,1
amazon-s3,1
google-apps-script,1
c#-4.0,1
dynamic-programming,1
asp.net-mvc,1
guzzle,1
netbeans,1
merge,1
branch,1
jvi,1
.net,1
dll,1
ios,1
jquery,2
javascript,2
string,2
c++,2
php,2
java,3
